Causa,Efeito,Tipo_Relacao,Frequencia
evolution,attainment,general,4
fruit and vegetable intake,increase sleep quality,general,4
author,work,general,4
morphological and functional parameter,density,general,4
muscle growth,increase,general,4
physical activity,increase sleep quality,activity_to_sleep,4
restful sleep,increase sleep quality,intra_sleep,4
sleep quality,increase quality,general,4
sleep quality,subjective health,general,4
fruit and vegetable intake,quality,general,3
perceive environmental pollution,poor sleep quality,general,3
physical activity,fruit and vegetable intake,general,3
physical activity,quality,general,3
ﬁber type - speciﬁc difference,high force - gen-,general,2
ﬁber type - speciﬁc difference,low force generate fatigue - resist ﬁber,general,2
ﬁssion,fragmen-,general,2
ﬁssion,tation,general,2
high loading,great force development,general,2
chronic elevation,pathological outcome,general,2
dysregulated ecc,intracellular signal pathway,general,2
heat,atp metabolism,general,2
galntl6 gene rs558129 polymorphism,power performance,general,2
faerch k,multiple transcriptional change,general,2
ganse b,athletic performance,general,2
ganse b,human life span,general,2
ganse u,athletic performance,general,2
ganse u,human life span,general,2
circadian oscillation,physiological psychological and molecular mechanism,general,2
early primary and secondary response gene,process,general,2
circadian variation,performance,general,2
eccrine sweat gland,thermoregulation,general,2
gehrig s,de novo biogenesis,general,2
gehrig s,skeletal muscle mitochon drial volume density,general,2
gender,human pulmonary gas exchange,general,2
elevated fraction,insulin resistance,general,2
coactivator-,exercise - induce regulation,general,2
heat,ca21 release,general,2
coevolution,anticipation,general,2
coevolution,expand cerebello - cerebralcortical circuitry,general,2
gene expression,coordinate spatio - temporal control,general,2
genetic factor,ing response,general,2
genetic factor,interindividual,general,2
endurance,size,general,2
endurance training,athlete,general,2
endurance training,demethylation,general,2
heat,mitochondrial activity,general,2
endurance training,fat mass,general,2
endurance training,numerous metabolic adaptation,general,2
activation,damage,general,2
activation,exertion,general,2
activation,intracellular,general,2
activation,inﬂux,general,2
activation,process,general,2
activation,stability,general,2
active muscle pgc-1a,remodeling process,general,2
endurance training,parameter,general,2
endurance training,randomize clinical trial,general,2
genotype,human elite athletic performance,general,2
activity,great extent,general,2
activity tracker,physical activity,general,2
heat,reuptake,general,2
acute bout,elevated organelle turnover,general,2
acute bout,general autophagy,general,2
acute bout,mitophagy,general,2
acute exposure,aerobic or anaerobic performance,general,2
adap tation,strength gain,general,2
addi tional mechanism,different structure,general,2
addi tional mechanism,oxygen availability,general,2
heat,shear stress,general,2
adherence,superior outcome,general,2
high number,low input resistance,general,2
intramyocellular structural component,ﬁlamentous actin,general,2
compression,rapid burst,general,2
jacobs ra,de novo biogenesis,general,2
enhance activation,addition,general,2
enhance activation,increase force production,general,2
concept,discussion,general,2
enhance activation,training,general,2
enhance explosive i e high shortening velocity,remarkable power output,general,2
jacobs ra,skeletal muscle mitochon drial volume density,general,2
gold,performance,general,2
invention,new record,general,2
jacobsen s,multiple transcriptional change,general,2
age,population level,general,2
age,rise,general,2
ensue response pathway,misfolde,general,2
ensue response pathway,organelle health,general,2
ensue response pathway,protein load,general,2
jang c,spp1,general,2
hif-1a,pathway,general,2
hif-1a,transcription,general,2
hif-2a,muscle oxygen extraction,general,2
contractile activity,production,general,2
alcohol,latency,general,2
contractile activity,small fraction,general,2
hif-2a,provision,general,2
fiber,stool frequency,general,2
intramyocellular structural component,mechanosense,general,2
epigenetic mechanism,exercise - induce muscle plasticity,general,2
intramyocellular structural component,particular titin,general,2
intermittent fasting,sport performance,general,2
højbjerre l,multiple transcriptional change,general,2
alibegovic ac,multiple transcriptional change,general,2
coyle ef,resistance,general,2
individualized diet,fat mass,general,2
alter muscle metabolic capacity,circulate level,general,2
altitude paradigm,hb mass,general,2
fiber type distribution distinct property,performance,general,2
hippo pathway,mechanostress - induce muscle cell remod eling,general,2
hippo pathway,parallel,general,2
hiscock n,multiple transcriptional change,general,2
ampk,insulin sensitivity,general,2
ampk,mtor activity,general,2
ampk activation,general catabolic response,general,2
anabolic process,glycolysis,general,2
anabolic process,vascularization,general,2
histone modiﬁcation,nuclear rigidity,general,2
eventually indoor rink,new record,general,2
dahl j,athletic performance,general,2
dahl j,human life span,general,2
ansdell p,integrative response,general,2
dampen,furrer et al,general,2
anticipation,elevated sympathetic nervous system tone,general,2
ap-1,general stress response,general,2
dandanell s,de novo biogenesis,general,2
dandanell s,skeletal muscle mitochon drial volume density,general,2
de leur j,de novo biogenesis,general,2
de leur j,skeletal muscle mitochon drial volume density,general,2
arachidonic acid,ros production,general,2
decay rate,4 wk,general,2
decay rate,long,general,2
excessive exercise training,mitochondrial functional impair ment,general,2
associate cellular response,mechanical stress,general,2
associate cellular response,mechano-,general,2
associate cellular response,sense,general,2
attribute,increase rate,general,2
excessive muscle mass,parturition issue,general,2
dela f,multiple transcriptional change,general,2
excessive ros production,cardiovascular disease,general,2
deletion,prowess,general,2
excessive ros production,hyper-,general,2
excessive ros production,tumorigenesis,general,2
dense skin vascularization,thermoregulation,general,2
historical context,attainment,general,2
grow interdisciplinary merging,20 year,general,2
exchange,activation,general,2
excitation - contraction coupling nociceptor activation,furrer et al,general,2
grow interdisciplinary merging,milestone,general,2
exer cise,elevated activity,general,2
fluck d,de novo biogenesis,general,2
exer cise,level,general,2
baum o,skeletal muscle lipid refueling,general,2
device,normal range,general,2
fluck d,skeletal muscle mitochon drial volume density,general,2
individualized diet,randomize clinical trial,general,2
food intake,alteration,general,2
bedtime,sleep quality,general,2
beneﬁts,cellular damage,general,2
identiﬁcation,exam-,general,2
identiﬁcation,new deﬁ nition,general,2
iix ﬁbers,fold,general,2
increase,activation,general,2
bidirectional interac tion,link,general,2
hoppeler h,skeletal muscle lipid refueling,general,2
bind partner,coordinate transcriptional network control,general,2
bind partner,estrate,general,2
intermittent fasting,sport practice,general,2
high - response rat,average,general,2
exercise,delay - onset muscle,general,2
exercise,elevated catechol amine concentration,general,2
intramyocellular structural component,sarcomeric protein myosin,general,2
intermuscular coordination,level,general,2
intermyoﬁbrillar glycogen,20 25,general,2
intermyoﬁbrillar glycogen,60 65,general,2
frequency,taper,general,2
dietary fiber intervention,high abundance,general,2
body,range,general,2
exercise,inﬂammation,general,2
difference,distinct contractile property,general,2
bonne tc,de novo biogenesis,general,2
bonne tc,skeletal muscle mitochon drial volume density,general,2
friedrichsen m,multiple transcriptional change,general,2
different altitude - training regimen,change,general,2
different ca21 tran sient,speciﬁcity,general,2
bork - jensen j,multiple transcriptional change,general,2
muscle - strengthen ing activity,low risk,general,2
exercise,ness,general,2
intermyoﬁbrillar glycogen content,fast relaxation time,general,2
brain,anticipation,general,2
brain,expand cerebello - cerebralcortical circuitry,general,2
gut microbiota composition,biochemical parameter,general,2
bronze,performance,general,2
exercise,sore-,general,2
exercise,substantial increase,general,2
different mechanism,exercise,general,2
ca21,assembly,general,2
ca21,target structure,general,2
ca21 signal,control,general,2
different mechanism,exhaustion,general,2
different mechanism,muscle fatigue,general,2
different posttranslational modiﬁca tion,stiffness,general,2
gut microbiota composition,body weight,general,2
exercise,weight loss,general,2
gut microbiota composition,weight gain,general,2
capillary density,contrast,general,2
capillary density,training,general,2
hsf1,chaperone activity,general,2
hsf1,transcription,general,2
fruit and vegetable intake,subjective health,general,2
cardiac output,endurance training - induce increase,general,2
fuel availabil ity,observe boost ampka2 and ampka1 activity,general,2
carson,non - alcoholic fatty liver disease,general,2
case resistance training,radial growth,general,2
intermyoﬁbrillar glycogen content,ii ﬁber,general,2
function,skeletal muscle mass,general,2
exercise training,multitude,general,2
diversity,coordinate transcriptional network control,general,2
cellular redox state,pi3k - akt mtor,general,2
diversity,estrate,general,2
hauser m,de novo biogenesis,general,2
exercise-,future perspective,general,2
exercise-,mitochondrial biogenesis,general,2
exercise-,rent knowledge,general,2
hauser m,skeletal muscle mitochon drial volume density,general,2
fundamental metabolic change,complex atp adp amp nadh fad protein degradation synthesis ampk autophagy mtor,general,2
fusion,elongated mito chondrial tubular network,general,2
fusion,increase atp production,general,2
fusion,large mitochondrion,general,2
ducible ablation,body substrate utilization,general,2
ducible ablation,fatty acid,general,2
ducible ablation,mitochondrial respiration,general,2
ducible ablation,muscle glucose uptake,general,2
durance exercise,phosphorylation,general,2
fusion event,recovery phase,general,2
hb level,endurance training - induce increase,general,2
intermyoﬁbrillar glycogen content,type,general,2
kirk n,de novo biogenesis,general,2
kirk n,skeletal muscle mitochon drial volume density,general,2
large nasal epithelial area,thermoregulation,general,2
large surface area,low input resistance,general,2
larization,vo2max,general,2
larsen s,de novo biogenesis,general,2
larsen s,skeletal muscle mitochon drial volume density,general,2
lele,elite sprint power athlete,general,2
lele,explosive performance,general,2
lele,successful endurance capacity,general,2
lhth,intervention group,general,2
lhth,lhtl athlete,general,2
lhth,similar gain,general,2
lhtl,intervention group,general,2
lhtl,similar gain,general,2
llth performance,intervention group,general,2
llth performance,lhtl athlete,general,2
llth performance,similar gain,general,2
local and systemic fac tor,insulin - sensitive tissue,general,2
local and systemic fac tor,mark perturbation,general,2
long fascicle,great shortening velocity,general,2
loss,change,general,2
loss - of-,skeletal muscle mass,general,2
low muscle mass,evolutionary term,general,2
low muscle mass,reduction,general,2
low muscle mass,time,general,2
lysosomal recruitment,autophagy,general,2
lysosomal recruitment,catabolic path way,general,2
main efficacy,safety peg,general,2
mango,evacuation category,general,2
maximal force,remarkable power output,general,2
maximal isometric contraction atp turnover rate,fold,general,2
maximal work rate,group,general,2
mechanical strain,disruption,general,2
mechanical strain,t tubule,general,2
mechanical strain,uniformity and over stretch,general,2
mechanosense membrane rup ture stretch - activate channel,intracellular signal pathway,general,2
meinild lundby ak,de novo biogenesis,general,2
meinild lundby ak,skeletal muscle mitochon drial volume density,general,2
modality,delay - onset muscle,general,2
modality,inﬂammation,general,2
modality,ness,general,2
modality,sore-,general,2
modiﬁcation,associate cognitive sophisti cation,general,2
modiﬁcation,large brain size,general,2
morphological and functional parameter,concentrated localization,general,2
chromatin state,nuclear rigidity,general,2
morphological and functional parameter,fourth,general,2
morphological and functional parameter,number,general,2
morphological and functional parameter,prevention,general,2
morphological and functional parameter,strong enzymatic activity,general,2
motor,excitation - contraction coupling,general,2
motor neuron ﬁre,muscle contraction,general,2
mouth breathing,thermoregulation,general,2
multifaceted interaction,activity,general,2
muscle - speciﬁc knockout mouse,mitochondrial biogenesis,general,2
muscle - strengthen ing activity,mortality,general,2
muscle cell contraction,major metabolic remodeling,general,2
muscle glycogen concentration,preferential deple tion,general,2
muscle glycogen concentration,prolong exercise,general,2
muscle glycogen concentration,subcellular compartment,general,2
humoral factor,observe boost ampka2 and ampka1 activity,general,2
muscle stretch,rapid burst,general,2
muscle thickness,change,general,2
muscle thickness,contrast,general,2
muscle thickness,elite sprint athlete,general,2
nagarkatti,non - alcoholic fatty liver disease,general,2
nagy ja,spp1,general,2
neural adaptation,strength gain,general,2
neural and muscular adaptation,peak power,general,2
nilsson e,multiple transcriptional change,general,2
non - muscle - relate function,positive selection,general,2
nox2 - derive ros,trpcs,general,2
nuclear number,size,general,2
nuclear receptor,physiological response,general,2
osmotic shock,rapid burst,general,2
oxidative stress oxidative stress,mechanical stress,intra_mental,2
oxidative stress oxidative stress,mechano-,general,2
oxidative stress oxidative stress,sense,general,2
oxygen extrac tion,endurance training - induce increase,general,2
paradoxically cold - water immersion,delay - onset muscle,general,2
paradoxically cold - water immersion,inﬂammation,general,2
paradoxically cold - water immersion,ness,general,2
paradoxically cold - water immersion,sore-,general,2
pathway,training mode - speciﬁc manner,general,2
chronic change,transcriptional memory,general,2
perception,poor sleep quality,general,2
performance,retrogression,general,2
performance parame ter,intensiﬁed hit regimen,general,2
performance parame ter,transient impair ment,general,2
pgc-1a,muscle glucose uptake,general,2
pgc-1a - mediate pentose phosphate pathway activity,ribose-5 - phos phate,general,2
pgc-1a mrna,great extent,general,2
intensity,llth,general,2
gain,skeletal muscle mass,general,2
ziegler u,de novo biogenesis,general,2
physical activity,sleep quality,activity_to_sleep,2
physical deforma tion,release,general,2
physical deforma tion,stretch,general,2
physical dimension,determination,general,2
physiologi cal process,circadian manner,general,2
physiologi cal process,consequence,general,2
posttranslational modiﬁcation,dif-,general,2
posttranslational modiﬁcation,ferent property,general,2
poten tial trade - off,evolutionary process,general,2
power output,muscle,general,2
pro tein,gene expression,general,2
prolong en durance training,shift,general,2
prolong sustain activation,catabolic state,general,2
prolong sustain activation,lactic acidosis,general,2
prop ertie,all - or - none activation,general,2
protein synthesis,link,general,2
proteostatic stress,misfolde,general,2
proteostatic stress,organelle health,general,2
proteostatic stress,protein load,general,2
psyllium,stool frequency,general,2
psyllium fiber,glycemic control proportional,general,2
psyllium gel,chyme viscosity,general,2
pulmonary oxygen diffusion,endurance training - induce increase,general,2
raghuram s,spp1,general,2
recovery and repair mechanism,exercise cessation,general,2
recovery and repair mechanism,return,general,2
reduce body hair,thermoregulation,general,2
reduction,high excitatory drive,general,2
relate mechanism,exercise training,general,2
relate mechanism,muscle hypertrophy,general,2
relative abundance,parallel,general,2
remodeling,gene expression,general,2
repeat bout,continuous modulation,general,2
resistance,consequence,general,2
resistance exer cise volume,anabolic sig-,general,2
resistance exer cise volume,myoﬁbrillar protein synthesis,general,2
resistance training,change,general,2
resistance training,meta - analysis,general,2
ziegler u,skeletal muscle mitochon drial volume density,general,2
result,study,general,2
rowe gc,spp1,general,2
sailani mr halling jf møller hd lee h plomgaard p pilegaard h snyder mp regenberg b lifelong physical activity,contractile property,general,2
sailani mr halling jf møller hd lee h plomgaard p pilegaard h snyder mp regenberg b lifelong physical activity,myogenesis,general,2
sailani mr halling jf møller hd lee h plomgaard p pilegaard h snyder mp regenberg b lifelong physical activity,oxidative stress resistance,activity_to_mental,2
sailani mr halling jf møller hd lee h plomgaard p pilegaard h snyder mp regenberg b lifelong physical activity,promoter hypomethylation,general,2
santos g,skeletal muscle lipid refueling,general,2
satiroglu r inactivity,resistance,general,2
shift,activation,general,2
signal,adaptation,general,2
silver,performance,general,2
similar periodize training protocol,great gain,general,2
sleep component,improvement,general,2
sleep hygiene practice,course,general,2
ﬁber type - speciﬁc difference,erate,general,2
ﬁber type - speciﬁc difference,fatigable ﬁber,general,2
smartphone application,physical activity,general,2
smoking,occurrence,general,2
sonne mp,multiple transcriptional change,general,2
stallknecht b,multiple transcriptional change,general,2
stream effector rheb,activation,general,2
strength,fat mass,general,2
strength,randomize clinical trial,general,2
strength power,size,general,2
stroke vol ume,volitional exhaustion,general,2
suboptimal planning,increase,general,2
subsarcolemmal,20 25,general,2
subsarcolemmal,60 65,general,2
successful weight management,overall health,general,2
summermatter s,skeletal muscle lipid refueling,general,2
sustain activation,constitutive,general,2
sustain activation,starvation-,general,2
synaptic input,great change,general,2
testosterone,different type,general,2
text,recovery or performance outcome,general,2
thermal stress,misfolde,general,2
training,size,general,2
training intensity,great adaptation,general,2
training volume,great adaptation,general,2
tran scription,single bout,general,2
transcription factor movement,future perspective,general,2
transcription factor movement,mitochondrial biogenesis,general,2
transcription factor movement,rent knowledge,general,2
transient and subtle perturbation,broad downstream effect,general,2
twenty-ﬁrst century life style,high ﬁnancial burden,general,2
twenty-ﬁrst century life style,rise,general,2
twice - a day training protocol,content,general,2
twice - a day training protocol,muscle glycogen content,general,2
understand,personalization,general,2
understudied approach,detrimental outcome,general,2
understudied approach,occasion,general,2
undisputedly genetic predisposition,athletic prowess,general,2
undisputedly genetic predisposition,trainability,general,2
utilization,endurance training - induce increase,general,2
vaag a insulin resistance,multiple transcriptional change,general,2
vascularization,endurance training - induce increase,general,2
velocity,neural,general,2
vitamin d,proper function,general,2
vo2max,10 15,general,2
vo2max,2 3 mo,general,2
vo2max,group level,general,2
volume,taper,general,2
voluntary exercise,range,general,2
wearable,precise measurement,general,2
wmax,group,general,2
1alpha,exercise - induce regulation,general,2
yang r,elite chinese sprint power ath lete,general,2
yang r,muscle - relate phenotype,general,2
composition,permeability,general,1
computer monitor,significantly low melatonin concentration,general,1
con-,low grade,general,1
con-,low level,general,1
conclusion,high fecal abundance,general,1
concurrent strength,fast - force production,general,1
concurrent strength,parameter,general,1
concurvity,model performance,general,1
consequently the incidence,age,general,1
consistent melatonin use,low rebound rate,general,1
constipa tion,complication,general,1
constipation,large economic burden,general,1
constipation status,high risk,general,1
consumption,effect,general,1
consumption,great weight and fat loss than tra ditional reduce - calorie diet,general,1
consumption,overall energy intake 37,general,1
consumption,ﬁrst 6 month,general,1
contribution,muscular oxidative capacity,general,1
conventional strength training,muscle csa,general,1
core strengthen exercise,54 55,general,1
core strengthen exercise,colonic transit time,general,1
corsi,amyloid - β1 40 clearance,general,1
counter pathological stimulus,apoptosis,general,1
counter pathological stimulus,gradual dysfunction,general,1
crease,oxida tive stress,general,1
crswd,psychiatric and neurological disorder,general,1
current smoking habit,50 52,general,1
cvd 69 70 obesity,malignant transformation,general,1
d m probiotic supplementation,cognitive function,general,1
d m probiotic supplementation,randomize double - blind placebo - control multicenter trial,general,1
d nutritional weight history,excessive or disordered eating,general,1
daily variation,time,general,1
decrease energy availability,non - functional overreaching,general,1
defect,development,general,1
deletion,defective autophagy,general,1
denou,diversity,general,1
denou,metabolic capacity,general,1
depressive state,relationship,general,1
deprive lifestyle,poor health,general,1
derosa g,dyslipidaemia,general,1
derosa g,hyperglycaemia,general,1
derosa g,hypertension,general,1
deterioration,increase incidence,general,1
development,diagnosis,general,1
development,quality,general,1
di etary fat intake,ﬂammatory bowel disease,general,1
diabetes,cel lular age,general,1
diarrhea,large economic burden,general,1
diet,nutritional proﬁle,general,1
diet,poor diet quality,intra_nutrition,1
diet - induce obesity,mark but reversible alteration,general,1
diet - mediate alteration,breakthrough,general,1
diet - mediate alteration,contrast,general,1
dietary and functional ﬁber supplementation,reduction,general,1
dietary and functional ﬁber supplementation,signiﬁcant increase,general,1
dietary behavior,long - term health outcome,general,1
dietary fiber,icantly low α - diversity,general,1
dietary fiber,signif icantly great bifidobacterium spp,general,1
dietary fiber,signif-,general,1
dietary fiber,significantly great lactobacillus spp,general,1
dietary fiber,significantly high bifidobacterium spp,general,1
dietary fiber,significantly high lactobacillus spp,general,1
dietary fiber intervention,high fecal abundance,general,1
different - day concurrent training,great magnitude,general,1
different caffeine administration time,differential sleep disruption,general,1
different external and internal factor,function,general,1
different external and internal factor,gm composition,general,1
different factor,great difference,general,1
different fasting practice,body weight,general,1
different fasting practice,fat7 27,general,1
different type,aspect,general,1
different type,gastrointestinal motility,general,1
diphenylmethane derivative,signiﬁcantly great incidence,general,1
disease,function,general,1
disease,protein,general,1
disease,specific gm composition,general,1
disorder,age bracket,general,1
disorder,clearly define symptom,general,1
disorder,excessive sleepiness,general,1
display,increase risk,general,1
disruption,increase invasion,general,1
distribution,symptom similarity bin,general,1
diwkj1,similar increase,general,1
dld1,cathelicidin expression,general,1
dominant gut flora,exercise intervention,general,1
dougherty u,experimental colitis,general,1
drink 6 fast,increase longevity,general,1
drink 6 fast,role,general,1
du j,experimental colitis,general,1
dual activation,glucose metabolism,general,1
dual activation,lipid,general,1
duration,interference,general,1
duration,lack,general,1
duration,laparoscopic,general,1
dysbiosis,chronic constipation development,general,1
dysbiosis,elevated level,general,1
dysbiosis,regulation,general,1
dysfunction,secretion,general,1
dysregulation,adult osteomalacia,general,1
dysregulation,infantile ricket,general,1
dysregulation,uncontrolled activation,general,1
e continuous running and sprint interval,maximal s,general,1
e continuous running and sprint interval,power,general,1
e endurance,force production,general,1
early childhood teacher,personal resilience,general,1
effectiveness,time,general,1
el sistema de vigilancia de salud ambiental también,mayor molestia,general,1
electronic device use,melatonin secretion,general,1
eliasson m,obesity,general,1
eliasson m,ter,general,1
en vironmental noise,individual,general,1
endocrine response,magnitude,general,1
endurance training,fast - force production,general,1
endurance training,strength development,general,1
energy density,energy intake,general,1
engagement,duan et al,general,1
engagement,quality,general,1
engagement,sleep quality,general,1
engagement,subjective frontier,general,1
enhance fat oxidation,improvement,general,1
enos,non - alcoholic fatty liver disease,general,1
ensue cramp pain,osmotic laxative,general,1
ensue luminal dis tention,colonic peristalsis,general,1
entry,concentration,general,1
environment,gm composition,general,1
environment,high prevalence,general,1
environmental factor,microbial diversity,general,1
environmental factor,variation,general,1
environmental pollutant,poor quality sleep health,general,1
epigallocatechin-3 - gallate egcg,glucose uptake,general,1
epithelial vdr induction,disease activity 124,general,1
ercise,biological age,general,1
erratic schedule,poor food choice,general,1
específicamente,como tal,general,1
específicamente,continuidad y,general,1
evacuation,baseline,general,1
evacuation,mango,general,1
evening exposure,circadian physiology,general,1
evening exposure,cognitive perfor mance,general,1
excessive sleepiness,context,general,1
excessive sleepiness,work schedule,general,1
exer cise,2 - fold peak oxygen consumption,general,1
exer cise,functional ability,general,1
exer cise training,crp level,general,1
exercise,1 4 kg,general,1
exercise,12 week,general,1
exercise,3 kg weight loss,general,1
exercise,30 week,general,1
exercise,alfa diversity,general,1
exercise,body s need,general,1
exercise,body weight,general,1
exercise,c - reactive protein,general,1
exercise,cardiorespiratory func tion,general,1
exercise,fat distribution,general,1
exercise,fat mass,general,1
exercise,free fat mass,general,1
exercise,glucose metabolism,general,1
exercise,hyper trophy,general,1
exercise,meta - analysis study,general,1
exercise,metabolism,general,1
exercise,phase advancement,general,1
exercise,positive improvement,general,1
exercise,weight gain,general,1
exercise interven tion,alfa,general,1
exercise interven tion,beta diversity,general,1
exercise intervention,abundance,general,1
exercise intervention,alpha diversity,general,1
exercise intervention,reduction,general,1
exercise intervention,result,general,1
exercise training,antioxidant enzyme activity,general,1
exercise training,biological age,general,1
exercise training,contrast,general,1
exercise training,regulation,general,1
exogenous dose,rem sleep time,general,1
expectation,symptom,general,1
experimental ibd 19 20 impaired vdr signal,damage,general,1
experimental ibd 19 20 impaired vdr signal,mucosal inﬂammation,general,1
explosive con repetition velocity,great rate,general,1
exposure,increase odd,general,1
exposure,melatonin secretion,general,1
extract,insulin resistance,general,1
f j exercise training,randomize control trial,general,1
f j exercise training,sleep quality,activity_to_sleep,1
facility,viral transmission,general,1
factor,constipation,general,1
factor,interaction,general,1
factor,magnitude,general,1
fast,coordinate set,general,1
fast,speciﬁc physiological adaptation,general,1
fast 1 1 and moderate to slow 3 3 velocity,similar change,general,1
fast 210 - isj1 ecc isokinetic training,large increase,general,1
fast and ketogenic diet,ketogenesi,general,1
fat intake,high value,general,1
favor able result,change,general,1
favor able result,parallel,general,1
fedewa,adiposity,general,1
fedewa,aerobic capacity,general,1
feirtag j chicory inulin,stool weight,general,1
feng peng,conception,general,1
feng peng,design,general,1
fer mentable ﬁber,laxation,general,1
fermentable fiber,stool bulk,general,1
fermentable ﬁber,short - chain fatty acid,general,1
fermentation,microbiota modification,general,1
fermentation,production,general,1
ffa level,activation,general,1
fgf23,downstream signal pathway,general,1
fiber,alteration,general,1
fiber,flatulence,general,1
fiber,increase flatulence,general,1
fiber,likelihood,general,1
fiber,severity,general,1
fiber,stool bulk,general,1
fiber,stool consistency,general,1
fiber,stool water content,general,1
fiber,stool weight,general,1
fiber interven tion,significantly high fecal concentration,general,1
fiber intervention,significantly high bifidobacterium spp,general,1
fiber supplementation,moderate gastrointestinal side effect,general,1
fibre intake,different subtype,general,1
fibre intake,relationship,general,1
figure 2 112 vitamin d,nucleotide - bind oligo merization domain protein,general,1
figure 2 112 vitamin d,result,general,1
figure 2 88 myosin light chain kinase,actomyosin ring contraction,general,1
finding ultra - process food consumption,increase odd,general,1
finegold s,bifidobacteria,general,1
food,safety fruit - base laxative kiwi,general,1
food intake,sleep quality variable,general,1
fourth randomized crossover study,acute diarrhea,general,1
free - weight training,great improvement,general,1
free fatty acid oxidation rate,exercise,general,1
free radical,oxidative phosphorylation,general,1
free weight,machine,general,1
free weight,pattern,general,1
frequency,great bedroom thermal satisfaction,general,1
frequency,improvement,general,1
frequency,mental health diagnosis,general,1
frequency,perceive improve ment,general,1
fructan,significantly great abundance,general,1
fructooligosaccharide,alteration,general,1
fruit - base laxative,colonic volume,general,1
fruit - base laxative,intestinal water retention,general,1
fruit and vegetable intake,increase quality,general,1
fruit and vegetable intake,low mortality,general,1
fruit and vegetable intake,sleep quality,general,1
fuhrmann h,faecal microbiota,general,1
functional ﬁber,food intake 33 34,general,1
functional ﬁber,sati-,general,1
gabapentin,sleep,general,1
gaddi a psyllium,dyslipidaemia,general,1
gaddi a psyllium,hyperglycaemia,general,1
gaddi a psyllium,hypertension,general,1
gain outcome,current knowledge,general,1
galacto oligosaccharide,significantly great abundance,general,1
gender,relationship,general,1
genetic factor,syndrome40,general,1
ghalim n,mark increase,general,1
gi symptom,low - fiber toast,general,1
gi symptom,rye bread,general,1
gibbs al,ability,general,1
glucagon - like peptide,health effect,general,1
golan ma,experimental colitis,general,1
gonzalez - badillo jj,favor able strength gain,general,1
good sleep quality,high intake,general,1
grain consumption,blood biochemistry,general,1
grain consumption,body composition,general,1
gram - negative bacteria,tlr4,general,1
great adherence,reduce con-,general,1
great alpha diversity,gut health,general,1
great force,ecc action,general,1
great treatment duration,fiber and chronic constipation 963 figure 3 forest plot,general,1
great upf consumption,95 ci,general,1
great upf consumption,high intake,general,1
great upf consumption,high odd,general,1
great upf consumption,low socioeconomic status,general,1
great upf consumption,male sex,general,1
great upf consumption,unhealthy lifestyle,general,1
great upf consumption,young age,general,1
group,symptom score,general,1
guar gum,2 month,general,1
guar gum,body weight,general,1
guar gum,initial weight loss,general,1
gurven m,arterial aging,general,1
gurven m,cardiovascular disease risk factor,general,1
gut micro biota,antiobesity effect,general,1
gut microbiome,biotin,general,1
gut microbiome,development,general,1
gut microbiome,folic acid,general,1
gut microbiome,niacin,general,1
gut microbiome,vitamin k,general,1
gut microbiome alteration,antibiotic tolerance,general,1
gut microbiota,regulatory cytokine,general,1
gut microbiota richness,stability,general,1
hanauer sb,experimental colitis,general,1
hasegawa s,management,general,1
health,rela tively minor weight loss,general,1
health complication,uncontrollable increase,general,1
heartfulness meditation,sleep,mental_to_sleep,1
heartfulness meditation,usa abstract background,general,1
heavy rt,maximal force production,general,1
heavy rt,power output,general,1
heiskanen,insulin - stimulate glucose uptake,general,1
help,growth,general,1
henle t,faecal microbiota,general,1
hepatocyte bhb signal,myocyte glucose uptake,general,1
hesketh,cardiorespiratory fitness,general,1
higgins,adiposity,general,1
higgins,aerobic capacity,general,1
high - dose psyllium,directional decrease,general,1
high - fat breakfast con sumer,high bmis,general,1
high - fat diet,homeostasis,general,1
high - fat diet,incidence,general,1
high - fat diet,lipid content,general,1
high - fat diet,signiﬁcant disruption,general,1
high - fiber diet,bleed,general,1
high - fiber diet,bowel movement frequency,general,1
high - fiber diet,double - blind trial,general,1
high - fiber diet,pain,general,1
high - fiber rye bread,bowel function,general,1
high - intensity interval training,insulin sensitivity,general,1
high - intensity vigorous exercise,imbalance,general,1
high - level pa,total colonic transit time,general,1
high - qual ity diet,bowel regularity,general,1
high - velocity resistance training,skeletal muscle peak power,general,1
high abundance,poor microbiota,general,1
high dairy diet intervention,fat mass loss,general,1
high dairy diet intervention,great body weight,general,1
high fat ratio,metabolic dysfunction,general,1
high fiber dose,stool consistency,general,1
high frequency,high perceive improvement,general,1
high frequency,perceive great improvement,general,1
high frequency,self - report mental health improvement,general,1
high intensity interval training,fat distribution,general,1
high level,improve insulin sensitivity,general,1
high pa level,reduction,general,1
high sodium and sugar intake,likelihood,general,1
high the level,short tls 17,general,1
high volume,interfer ence,general,1
high volume load,large magnitude,general,1
high wcs,age adjustment,general,1
high wcs,short telomere,general,1
hiit,1 89,general,1
hiit,2 03,general,1
hiit,improvement,general,1
hiit,meaningful reduction,general,1
holdemanella,unhealthy lifestyle,general,1
holloway,glycemia,general,1
holloway,vo2peak,general,1
homoki,obesity mouse model,general,1
hood,muscle oxidative capacity,general,1
hormonal contraceptive use,body composition adaptation,general,1
hormonal contraceptive use,endurance,general,1
hormonal contraceptive use,group level,general,1
hormonal contraceptive use,small decrease,general,1
hormonal contraceptive use,strength,general,1
hour exposure,statistically sig nificant melatonin suppression,general,1
hu m,exercise enjoyment,general,1
huang y,experimental colitis,general,1
hygiene practice,course,general,1
hyperinsulinaemia,endogenous antioxidant,general,1
hyperinsulinaemia,follow,general,1
hyperinsulinaemia,increase incidence,general,1
hyperinsulinaemia,ketogenesi,general,1
hyperinsulinemia,insulin sensitivity,general,1
hyperlipemia,malignant transformation,general,1
hyperlipidemia,contractile function,general,1
hyperlipidemia,electrophysiological response,general,1
hyperlipidemia,typical atherosclerosis development,general,1
idea,1970 s,general,1
idea,large number,general,1
imola f,dyslipidaemia,general,1
imola f,hyperglycaemia,general,1
imola f,hypertension,general,1
impact,physical health,general,1
important fuel sub strate,max imal cardiac output,general,1
improvement,bad shift,general,1
improvement,enhance ability,general,1
improvement nutrient,occurrence,general,1
inadequate sleep duration,kittle et al,general,1
inadequate vitamin d,autoimmune and inflammatory disease,general,1
inadequate vitamin d,cardiovascular disease,general,1
inadequate vitamin d,certain cancer,general,1
inadequate vitamin d,ease,general,1
inadequate vitamin d,high risk,general,1
inadequate vitamin d,hypertension,general,1
inadequate vitamin d,peripheral artery,general,1
incidence,10 g d increment,general,1
inclusion,performance,general,1
incomplete evacuation ctt,3 treatment group,general,1
incomplete evacuation ctt,baseline,general,1
inconsistent clinical datum,question,general,1
increase,oxidative stress,general,1
increase fat oxidation,long - term endurance level,general,1
increase gastric volume,great physical discomfort,general,1
increase moisture intake,26 28,general,1
increase moisture intake,movement,general,1
increase moisture intake,reduce risk,general,1
increase mpf consumption,low odd,general,1
increase oxidative stress,longevity,general,1
increase oxidative stress,metabolic health,general,1
increase presence,enhance metabolic process,general,1
increase ratio,obesity,general,1
increase ratio,recently report study,general,1
increase sleep fragmentation,sleep efﬁciency,intra_sleep,1
individual,carbohydrate content,general,1
individual,fiber intake,general,1
individual agachan,baseline,general,1
individual rome symptom peg,significantly high response,general,1
individual variability,difference,general,1
inflammation,inflammatory reaction,general,1
influence,study outcome,general,1
ingestion,insulin resistance,general,1
ingestion,lipopolysaccharide - mediate inﬂammation,general,1
initial daytime sleepiness,withdrawal,general,1
inoculation,exhaustive treadmill run time,general,1
insoluble nonviscous fiber,mechanical stimulation,general,1
insomnia,context,general,1
insomnia,work schedule,general,1
insufficient moisture intake,dry and harden stool,general,1
insufficient moisture intake,electrolyte balance and fluid transport mecha nism,general,1
insulin,beta - oxidation,general,1
insulin,cell,general,1
insulin,cell cycle,general,1
insulin,ceramide synthesis,general,1
insulin,ketogenesi,general,1
insulin,ketolysis,general,1
insulin,mitochondrial ceramide synthesis,general,1
insulin,replication rate,general,1
insulin signal,division,general,1
insulin signal,growth,general,1
intake,cardiovascular disease,general,1
intake,high sleep latency,general,1
intake,mortality,general,1
intake,type,general,1
intensity,extend time,general,1
intensive - lifestyle group,physical activity,general,1
intensive - lifestyle group,portion - control food,general,1
interdisciplinary protocol,1 3 kg,general,1
interdisciplinary protocol,great and more clinically signiﬁcant effect,general,1
intermittent fasting,athlete,general,1
intermittent fasting,body composition,general,1
intermittent fasting,lipid,general,1
intermittent fasting,protein meta bolism,general,1
intermittent fasting,whole - body glucose,general,1
intervention,body,general,1
intervention,muscle mass,general,1
intervention,significantly high bifidobacterium spp abun dance,general,1
intervention,significantly high lactobacillus spp,general,1
intervention,signiﬁcant change,general,1
intestinal microbiota,colonic peristalsis,general,1
inulin,increase stool frequency,general,1
inulin,ﬁrst study,general,1
irritable bowel syndrome,9 to 27,general,1
istere,signifi,general,1
iwasa m,management,general,1
izquierdo m moderate resistance training volume,favor able strength gain,general,1
j f endurance,glycemia,general,1
j f endurance,vo2peak,general,1
japan society,expectancy,general,1
japan society,quality,general,1
jaster r,healthy control,general,1
jaster r,shift,general,1
jet lag,trip,general,1
jet lag disorder time zone change syndrome,trip,general,1
gut microbiota,bioactive immunomodulin,general,1
jurado - fasoli,sleep quality,general,1
kato y,management,general,1
ketone,activation,general,1
key point concurrent strength,parameter,general,1
kim c s,cognitive function,general,1
kim c s,randomize double - blind placebo - control multicenter trial,general,1
king,glycemia,general,1
king,vo2peak,general,1
zhang yg,defective autophagy,general,1
zhang yg,hyperfunction,general,1
kiwi - derive powder,signiﬁcant improve ment,general,1
kiwifruit - derive supplement,stool frequency,general,1
kleessen b,faecal microbiota,general,1
klinitzke p,healthy control,general,1
klinitzke p,shift,general,1
kong,exercise enjoyment,general,1
kong j,experimental colitis,general,1
kreikemeyer b,healthy control,general,1
kreikemeyer b,shift,general,1
krill oil,pathologic score,general,1
krill oil,secretion,general,1
lack,hyperfunction,general,1
lack,length,general,1
lack,low grade,general,1
lack,low level,general,1
lamprecht g,healthy control,general,1
lamprecht g,shift,general,1
zheng c,experimental colitis,general,1
large ph gradient,excessive growth,general,1
zhou d,defective autophagy,general,1
zhou y,inﬂammatory bowel disease,general,1
ﬂavonoid,α - amylase,general,1
ﬂavonoid,α - glucosidase,general,1
late,muscular oxidative capacity,general,1
lead backlit computer screen,circadian physiology,general,1
lead backlit computer screen,cognitive perfor mance,general,1
ﬂuoxetine,normalisation,general,1
3 month,similar increase,general,1
32 activation,nitric oxide pro duction,general,1
length,sleep,general,1
lengthen rate,el derly subject,general,1
4 9 no measure,improve,general,1
4 9 no measure,run,general,1
4 9 no measure,statistically non - significant improve ment,general,1
5 - min rest interval,performance decrement,general,1
65 yr control study,end abbreviation,general,1
lifestyle,antioxidant catabolism,general,1
lin l,elevated ghrelin,general,1
lin l,increase body mass index,general,1
lin l,reduce leptin,general,1
liquid stool,stool output,general,1
little,muscle oxidative capacity,general,1
liu w,experimental colitis,general,1
8 c decrease,5 drop,general,1
8 c decrease,hand,general,1
8 c increase,10 drop,general,1
8 wk,fast and slow con training,general,1
8 wk,great hyper trophy,general,1
long - term health care cost,bariatric procedure,general,1
8 wk,large increase,general,1
long leukocyte telomere,ultra - endurance exercise,general,1
loose stool,stool output,general,1
loperamide,adverse effect,general,1
loperamide,fecal inconti nence,general,1
8 wk,type,general,1
loss,deﬁcient antibacterial activity,general,1
loss,increase rate,general,1
loss,intestinal epithelium,general,1
8 wk,type ii muscle fiber hypertrophy,general,1
low dietary fiber intake,constipation,general,1
low dietary fiber intake,increase risk,general,1
low dietary fibre intake,constipation,general,1
low dose alcohol,statistically signiﬁcant reduction,general,1
low food moisture intake,incidence,general,1
low level,inﬂammatory bowel disease,general,1
low level,obesity,general,1
low level,oxidative stress,general,1
low level,poor sleep quality,general,1
low level,poor subjective health,general,1
85 hoff j,work economy,general,1
90 51 54,stool output,general,1
95 ci,stool frequency,general,1
low plasma trp,serotonin,general,1
low se,frequent and or long awake period,general,1
lu r,defective autophagy,general,1
ability,age,general,1
ability,chance,general,1
main efficacy,erdogan et al,general,1
main efficacy,safety food,general,1
main efficacy,safety mix fiber mix fiber,general,1
absence,attenuation,general,1
main efficacy,safety peg peg,general,1
main efficacy,safety soluble and mixed fiber,general,1
main efficacy,safety stimulant laxative,general,1
malabsorption,inadequate sunlight exposure,general,1
maldonado j,gut microbiome,general,1
absence,secretion,general,1
mango - base supplement,signiﬁcantly I m prove evacuation categorization,general,1
manjer j,functional gastrointestinal symptom,general,1
manjer j physical inactivity,functional gastroin testinal complaint,general,1
marcinko,diversity,general,1
marcinko,metabolic capacity,general,1
access,short sleep duration,general,1
accompany hormonal concentration,maximal strength,general,1
accompany hormonal concentration,substrate metabolism,general,1
meal,serotonin,general,1
mean sol,high - gi meal,general,1
measure,double poling performance,general,1
measure,formance,general,1
measure,lean body mass,general,1
mechanical loading,series,general,1
accumulation,age,general,1
accumulation,fat cell,general,1
activation,body s sensitivity,general,1
mechanism,excessive dietary intake,general,1
mechanism,hyperplasia,general,1
mechanism,hypertrophy,general,1
mechanism,interference,general,1
mechanism,lack,general,1
active treat ment,signiﬁcant increase,general,1
meckel k,mucosal inﬂammation,general,1
med itation,self - report improvement,general,1
medication,1 to 2 year,general,1
medication,modest weight loss,general,1
medication use,effect,general,1
meditation,arousal,general,1
meditation,attention,general,1
mediterranean diet adherence,change,general,1
mediterranean diet adherence,con stipation symptom,general,1
mediterranean diet adherence,low prevalence,general,1
medline 36727839 doi 10 7554 elife 84051 52 lundström o,functional gastrointestinal symptom,general,1
activity,4 and 39 year,general,1
activity,alteration,general,1
mejdd 2018 94,functional gastroin testinal complaint,general,1
melander o,obesity,general,1
melander o,ter,general,1
melatonin,development,general,1
melatonin,dimeriza tion,general,1
melatonin,downregulation,general,1
melatonin,hyperglycemia,general,1
melatonin,neurological research 561 bradykinin receptor,general,1
melatonin,neuronal loss,general,1
melatonin,randomize double blind placebo - control study,general,1
melatonin,recognize increase,general,1
melatonin,sleep,intra_sleep,1
melatonin,upregulation,general,1
melatonin - mimic agent,dimeriza tion,general,1
melatonin - mimic agent,neurological research 561 bradykinin receptor,general,1
melatonin administration,significant decrease,general,1
melatonin administration,subjective improvement,general,1
melatonin supplementation,improve sleep efficiency,intra_sleep,1
melatonin suppression,increase risk,general,1
melatonin treatment,dopamine - produce neuronal loss,general,1
melatonin treatment,dopamine trans porter,general,1
melatonin treatment,down - regulation,general,1
menstrual cycle,sleep disturbance,general,1
menstrual cycle phase,maximal strength,general,1
menstrual cycle phase,substrate metabolism,general,1
mental ill - health,increase risk,general,1
mere percep tion,health - relate symptom,general,1
meta - analysis,ldl - c level,general,1
metabolic dysfunction,uncontrollable increase,general,1
metabolic pathway,release,general,1
metabolic syndrome,malignant transformation,general,1
metabolite formation,magnitude,general,1
microbiome,vdr expression,general,1
mict,1 89,general,1
mict,2 03,general,1
mict,improvement,general,1
mict,meaningful reduction,general,1
mignot e short sleep duration,elevated ghrelin,general,1
mignot e short sleep duration,increase body mass index,general,1
mignot e short sleep duration,reduce leptin,general,1
miguele,randomize control trial,general,1
miguele,sleep quality,general,1
min d status,composition,general,1
mindfulness meditation,sleep,mental_to_sleep,1
mitochondrial indecision,metabolic gridlock,general,1
mitochondrial ros damage,cellular need,general,1
mixed - method resistance training,power,general,1
mixed - method resistance training,strength,general,1
acute biochemical change,catecholamine release,general,1
addition ally,intestinal health,general,1
adjunctive therapy,like lihood,general,1
adlouni,mark increase,general,1
moderate - intensity exercise,diversity,general,1
moderate - intensity exercise,gut health,general,1
moderate - intensity exercise,insulin sensitivity,general,1
moderate pa level,constipation risk,general,1
advance,diagnosis,general,1
modiﬁcation,effective immediate mean,general,1
modiﬁcation,elite judo athlete,general,1
adverse effect,abnormal metabolism,general,1
mol genet metab,increase telomere length,general,1
molecular response,dopamine neuron vulnerability,general,1
molecular response,propensity,general,1
molina - hidalgo,randomize control trial,general,1
molina - hidalgo,sleep quality,general,1
month,bone,general,1
month,fitness,general,1
month,general and visceral adiposity,general,1
month,rem suppress effect,general,1
adverse effect,gut microbiota,general,1
aerobic exercise,54 55,general,1
aerobic exercise,colonic transit time,general,1
aerobic exercise,gastrointestinal motility,general,1
aerobic exercise,high fat oxidation,general,1
aerobic exercise training,intestinal bacteroide,general,1
aforementioned mechanism,ultimately secondary hypertension,general,1
aforementioned mechanism,vascu lar endothelium dysfunction,general,1
agave inulin supplementation,fecal microbiota,general,1
mpf consumption,decrease odd,general,1
mpf consumption great consumption,2312 lo et al clinical gastroenterology and hepatology vol,general,1
mspl,2 88,general,1
mtor activity,autophagy,general,1
mtor activity,mitophagy,general,1
age - group difference,increase sleep quality,general,1
multiple - set training,44 3 60 5 increase,general,1
multiple health behavior,increase sleep quality,general,1
multiple health behavior,quality,general,1
multiple health behavior,sleep quality,general,1
multiple health behavior,subjective health,general,1
murphy,non - alcoholic fatty liver disease,general,1
musch m,experimental colitis,general,1
age - group difference,quality,general,1
jurado - fasoli,randomize control trial,general,1
age - group difference,subjective health,general,1
muscle action,magnitude,general,1
ahsan,metabolic reprogramming,general,1
ahsan,mitochondrial remodeling,general,1
air pollution,chronic stress level,general,1
alcohol,dosage,general,1
alcohol,increase motility,general,1
muscle strength,week,general,1
alcohol,reduction,general,1
alcohol,temperature,general,1
alcohol,waso,general,1
alcohol consumption,gastrointestinal motility disorder,general,1
music soundscape,improvement,general,1
myostatin gene expression,human,general,1
n mean age,safety constipation,general,1
alcohol consumption,insomnia,general,1
alcohol consumption,poor sleep quality,general,1
nakao m,management,general,1
nass,dopamine neuron degeneration,general,1
nature,depression vulnerability,general,1
neighborhood factor,variation,general,1
neme,obesity mouse model,general,1
alcohol consumption,relationship,general,1
alcohol group,64 minute,general,1
nicotine,normalisation,general,1
nicotine,rapid eye movement,general,1
nicotine,subjective sleep quality,general,1
nicotine adminis tration,prolong rem latency,general,1
nicotine consumption,animal,general,1
nicotine consumption,human,general,1
nicotine consumption,sleep,general,1
nicotine consumption,sleep disturbance,general,1
nicotine replacement therapy,sleep,general,1
nicotine use,increase risk,general,1
nicotine withdrawal,duration,general,1
nicotine withdrawal,individual nicotine level,general,1
nicotine withdrawal,occurrence,general,1
nighttime ambient humidity,sleep,general,1
allowance,lack,general,1
nilsson p,obesity,general,1
nilsson p,ter,general,1
nmo 13789 30 asakura k,constipation,general,1
nocturnal fall,inwithdrawal symptom,general,1
nocturnal food intake,deterioration,general,1
nocturnal urinary dopamine excretion,healthy subject,general,1
nod2 transcrip tion,paneth epithelial cell,general,1
non - athlete rise physical activity,relative abundance,general,1
alter dietary intake 8 vitamin d malabsorption,inadequate sunlight exposure,general,1
non - reproductive function,acute response,general,1
nonlinear term,traditional beta coefficient,general,1
nonprebiotic,95 ci,general,1
nonprebiotic,response,general,1
nonprebiotic intervention,stool consistency,general,1
nordfjäll k,obesity,general,1
nordfjäll k,ter,general,1
normal form stool,stool output,general,1
amaro - gahete,randomize control trial,general,1
amaro - gahete,sleep quality,general,1
american journal,high epithelial vdr level 93,general,1
number,deteriorate quality,general,1
number,disturbance,general,1
number,increase age,general,1
obesity,age,general,1
obesity,cardiometabolic risk factor,general,1
obesity,chronic systemic in flammation,general,1
obesity,oxidative stress,nutrition_to_mental,1
obesity,recent decade,general,1
obesity,risk factor,general,1
objectively measure environmental pollution,sleep quality,general,1
observe overlap,symptom similarity bin,general,1
obstructive sleep apnea,arterial stiffness,general,1
occurrence,sleep,general,1
offset,solar light level,general,1
onset,sleep duration,general,1
opposite effect 5 6 high carbohydrate intake,chronic diarrhea 2 consumption,general,1
oral administration,serum 25 oh d,general,1
oral lead exposure,dysbacteriosis,general,1
oscillospira abundance,addition,general,1
oscillospira abundance,crohn s disease,general,1
oscillospira abundance,fatty liver disease,general,1
amino acid intake,magnitude,general,1
outlook,sleep efﬁciency,general,1
overall effect,pro - inﬂammatory micro - envi ronment,general,1
overall physical activity score,covid-19 pandemic,general,1
overestimation,low bmi,general,1
overnight application,small but signiﬁcant increase,general,1
oxidative stress condition,tl attrition,general,1
andersson hall u,prior exercise,general,1
angiogenin-4 57 diet - induce vitamin d deﬁciency,deletion,general,1
angiogenin-4 57 diet - induce vitamin d deﬁciency,intestinal permeability 126,general,1
annunziata ml,experimental colitis,general,1
pac - qol sbms,baseline,general,1
pac - qol sbms,group,general,1
pain,increase risk,general,1
anti - inflammatory effect,oxidative stress,general,1
anti bacterial role,expres sion,general,1
application type,prolong sleep latency,general,1
application type,shorten tst,general,1
parame ter,interpretation,general,1
parameter,bothe et al,general,1
parameter,safety ficus,general,1
parameter,safety food,general,1
parameter,safety mg - rich mineral water,general,1
parameter,safety peg peg,general,1
parameter,safety soluble and mixed fiber,general,1
parameter,safety stimulant laxative,general,1
particular good quality and restful sleep,eek et al,general,1
particular good quality and restful sleep,health risk,general,1
partly inconsistent ﬁnding,different methodology,general,1
past,50 52,general,1
patch,frequency,general,1
path analysis,increase quality,general,1
appropriate dietary moisture intake,low risk,general,1
patient,average,general,1
patient,fiber intake,general,1
patient,insulin,general,1
patient 4 - 6 water - insoluble nonfermentable ﬁber,luminal bulk,general,1
pattern,energy intake,general,1
pectin,stool frequency,general,1
pectin supplementa tion,number,general,1
pekow j,experimental colitis,general,1
people s perception,environmentally induce health - relate symptom,general,1
peptide yy,body weight,general,1
peptide yy,glycemia,general,1
per2 gene,depression43,general,1
approximately eight set,large effect size,general,1
perceive improvement,general meditation,general,1
perceive improvement,music soundscape,general,1
perceive improvement,sleep meditation,general,1
perceive pollution exposure,self - report mental health,general,1
perceive pollution indicator,poorer mental health,general,1
perceive pollution indicator,sleep disturbance,general,1
arousal,24 h patch,general,1
assa,epithelial barrier dysfunction,general,1
performance endurance training,positive effect,general,1
performance endurance training,table,general,1
assa,intestinal inﬂammation,general,1
auricularia auricula polysaccharide,relative abundance,general,1
peristalsis,excessive growth,general,1
perturbation,manifestation,general,1
petrick,glycemia,general,1
petrick,vo2peak,general,1
petrof eo,defective autophagy,general,1
author,work abstract,general,1
author,write,general,1
author subject methodology,age 30 yr double - blind randomized cross - over study,general,1
physical activity,adults16,general,1
physical activity,age,general,1
physical activity,baseline,general,1
physical activity,contrast,general,1
author subject methodology,gillin et,general,1
physical activity,human gut microbiota,activity_to_physiological,1
physical activity,increase quality,general,1
author subject methodology,gourlay,general,1
physical activity,long tls,general,1
physical activity,low mortality,general,1
physical activity,obesity,activity_to_nutrition,1
physical activity,outcome,general,1
physical activity,prevalence,general,1
physical activity,pucci et al,general,1
author subject methodology,major depressed patient,general,1
physical activity,short tls 17,general,1
autoimmune disease,insulin,general,1
physical activity,subjective health,general,1
physical activity,type 2 diabete,general,1
physical activity,weight regain,general,1
physical activity,young adult,general,1
bactere mia,oncological patient,general,1
bacteria,function,general,1
bacteria,vitamin d metabolism,general,1
physical exercise,change,general,1
physical exercise,composition,general,1
physical exercise,diversity,general,1
physical fitness,dietary intake,general,1
physical fitness,gut microbiota,general,1
physical fitness,metabolomic signature,general,1
bacterial community,pathogenesis,general,1
bacterial population,patient,general,1
physiological and psychological disturbance,change,general,1
pignanelli,glycemia,general,1
pignanelli,vo2peak,general,1
plant circadian clock,competitive advantage,general,1
plant circadian clock,growth,general,1
plant circadian clock,photosynthesis,general,1
plant circadian clock,survival,general,1
plasma glycerol,activation,general,1
plum intervention,child s mean st,general,1
plum intervention,post,general,1
polysaccharide,gut microbiome,general,1
ponent,improvement,general,1
poor sleep quality,high rstls,general,1
poor sleep quality,kittle et al,general,1
poor sleep quality,low se,general,1
poor sleep quality,neurocognitive symptom,general,1
poor water consumption,constipation,general,1
population,40 year,general,1
bader,non - alcoholic fatty liver disease,general,1
ballistic training,small reduction,general,1
bedroom nighttime temperature,duration,general,1
potential loose stool,osmotic laxative,general,1
power,definition,general,1
bedroom nighttime temperature,efficiency,general,1
power training,balance,general,1
power training,high gain,general,1
pqsi,improvement,general,1
prac tice,insomnia,general,1
practice,improvement,general,1
prescription,past decade,general,1
presence,improve fat oxidation,general,1
presence,loss,general,1
presence,low nicotine abstinence,general,1
presence,met,general,1
presence,past decade,general,1
prevalence,recent decade,general,1
bedroom nighttime temperature,restlessness,general,1
probiotic treatment,activity,general,1
probiotic treatment,vdr expression,general,1
process,transient colonization,general,1
product,melatonin level,general,1
program-,popular and social medium,general,1
bedroom nighttime temperature,sample,general,1
berlin p,healthy control,general,1
berlin p,shift,general,1
promising route,accuracy,general,1
beta - hydroxybutyrate,synthesis,general,1
proportion,1 27 25 two type,general,1
protein level,ﬁrst week,general,1
beta2 - contain nicotinic receptor,organization,general,1
bilateral training,unilateral strength,general,1
bioactive 1 25 oh 2d3,gene,general,1
biological function,1 25 oh 2d3 - dependent change,general,1
psyllium,body weight,general,1
psyllium,energy intake,general,1
psyllium,fecal inconti nence,general,1
psyllium,flatulence,general,1
psyllium,glycemic control,general,1
psyllium,hunger feeling,general,1
psyllium,hypoglycemia,general,1
psyllium,improve stool consistency,general,1
psyllium,ldl - cholesterol,general,1
biological function,activation,general,1
psyllium,stool output,general,1
psyllium,stool water content,general,1
psyllium,time point,general,1
psyllium,week,general,1
psyllium fiber,conventional and alternative lipid marker,general,1
psyllium fiber,dominal pain,general,1
biological function,vdr - express cell 34,general,1
bissonnette m,experimental colitis,general,1
psyllium supplementation,improvement,general,1
bliss d,continent stool,general,1
purport reduction,obesity,general,1
qol score,0 25 point,general,1
quadratic trend,age group,general,1
r skn-1 nrf2,dopamine neuron degeneration,general,1
rag ko mouse,development,general,1
blood lactate,ce female,general,1
recommend level,increase body weight,general,1
blot,old adult,general,1
blot,vo2max,general,1
recrea tionally active c group,great perturbation,general,1
body,ketone,general,1
reduce microbial diversity,fatty liver dis ease,general,1
reduce microbial diversity,host phenotype,general,1
reduce microbial diversity,inflammatory bowel disease,general,1
reduce microbial diversity,instance,general,1
reduce microbial diversity,type ii diabetes,general,1
reduction,decrease,general,1
body fat mass 33 hypertension,continuous stress,general,1
regular exercise,speciﬁc physiological adaptation,general,1
regular pa,transit time,general,1
regular physical activity,age,general,1
regular physical activity,cardiore spiratory function,general,1
regular physical activity,low risk,general,1
regulation,glucose homeostasis,general,1
regulation,organism,general,1
boehm,faecal microbiota,general,1
borghi c,dyslipidaemia,general,1
borghi c,hyperglycaemia,general,1
release,response,general,1
relevance,motor performance result,general,1
rem density,ﬁrst,general,1
rem latency,chronic nicotine application,general,1
rem latency,value,general,1
rem sleep,10 5,general,1
rem sleep,evening exercise,sleep_to_activity,1
rem time,control level,general,1
rem time,high,general,1
borghi c,hypertension,general,1
bove m,dyslipidaemia,general,1
repeat melatonin supplementation,randomize control trial,general,1
repeat melatonin supplementation,sleep,intra_sleep,1
representative,intervention study,general,1
representative,sport preparation,general,1
bove m,hyperglycaemia,general,1
bove m,hypertension,general,1
brain serotonin content,ingestion,general,1
resistance training,addition,general,1
bruggencate sjm,intestinal barrier function,general,1
resistance training,favorable change,general,1
burr,glycemia,general,1
respondent response,un derestimation,general,1
rest period length,muscu lar strength,general,1
restful sleep,increase quality,general,1
burr,vo2peak,general,1
restful sleep,quality,general,1
restful sleep,subjective health,general,1
result,neurodegenerative disease,general,1
caffeine administration,minute,general,1
resultant di uresis,initial dramatic weight loss,general,1
richter,faecal microbiota,general,1
rise,escalate telomere attrition,general,1
ristow,longevity,general,1
ristow,metabolic health,general,1
robb p guar,breath methane,general,1
robb p guar,serum acetate concentration,general,1
roopchand,growth,general,1
caffeine condition,sleep efficiency,general,1
ruminaceae family,reduce intestinal permeability,general,1
ruminoc cocus genus,intervention study,general,1
ruminoc cocus genus,sport preparation,general,1
sadykov,dysbacteriosis,general,1
caffeine intake,eeg power spectra,general,1
caffeine intake,human sleep,general,1
cancer,control,general,1
candidate prebiotic interven tion,different effect,general,1
carbohydrate,great increase,general,1
carbohydrate,lnaa,general,1
sc ctt,f carica,general,1
sc pac - sym,baseline,general,1
sc pac - sym,group,general,1
scfa producer,highly - train athlete,general,1
schwarz s,faecal microbiota,general,1
schäfﬂer h,healthy control,general,1
schäfﬂer h,shift,general,1
scott,aerobic capacity,general,1
se nescent cell,secretion,general,1
seasonal effect,summer,general,1
seasonal effect,winter,general,1
select subject,melatonin,general,1
selective mt2 receptor agonist,nrem duration,general,1
self - select control home thermal environment,sleep,general,1
sensitivity anal ysis,homogeneous study population,general,1
sequencing,acute expression,general,1
serotonin avail ability,western diet model,general,1
serum 25 - hydroxyvitamin d concentration,mucosal inﬂammation,general,1
settivari,dopamine neuron degeneration,general,1
severity,fiber supplementation,general,1
severity,high risk,general,1
sex hormone concen tration,adaptation,general,1
sex hormone concen tration,endurance training response,general,1
sex hormone concen tration,strength,general,1
shannon index,exercise,general,1
shephard,hdl - c,general,1
carbohydrate - base high - gi meal,significant shortening,general,1
shin ya effect,excessive dietary intake,general,1
shin ya effect,lack,general,1
shirihai,metabolic reprogramming,general,1
shirihai,mitochondrial remodeling,general,1
short - chain fatty acid product,satiety,general,1
short - chain fructo oligosaccharide administration dose,fecal bifidobacteria,general,1
short - term deficit,decrease muscle protein synthesis,general,1
short telomere,obe sity and weight gain,general,1
carbohydrate metabolism,hyperventilation,general,1
signifi-,hormonal,general,1
signifi-,metabolic,general,1
significantly increase stool water content,stool output,general,1
signiﬁ-,rem sleep,general,1
carbohydrate metabolism,muscle fatigue,general,1
carmeliet g,defective autophagy,general,1
similarly modest improvement,clinically meaningful reduction,general,1
simple ma nipulation,sleep onset,general,1
single - nucleotide polymorphism,diurnal preference,general,1
single - set training,approxiamtely10 increase,general,1
single - set training,j1 to 2 strength reduction,general,1
single study,subanalyse,general,1
single study,type,general,1
sjöro,insulin - stimulate glucose uptake,general,1
slavin j,stool weight,general,1
sleep,activity,general,1
sleep,early wake - up time,general,1
sleep,health behavior,general,1
sleep - relate app component,perceive improvement,general,1
castillo,randomize control trial,general,1
sleep component,perceive improvement,general,1
sleep duration,summer,general,1
sleep duration,winter,general,1
sleep efficiency,condition,general,1
sleep hygiene,insomnia symptomatology,intra_sleep,1
sleep hygiene behavior,insomnia,intra_sleep,1
castillo,sleep quality,general,1
sleep hygiene practice,insomnia,intra_sleep,1
sleep meditation,improvement,general,1
sleep onset,solar light level,general,1
sleep onset latency,sleep efﬁciency,intra_sleep,1
sleep quality,0 41,general,1
cauci s,hapto globin,general,1
cauci s,high - sensitivity c - reactive protein,general,1
sleepiness,nap,general,1
sleepiness,shift,general,1
sleeve pro cedure,pri mary procedure,general,1
slow 20 - isj1 training,fast and slow con training,general,1
slow 20 - isj1 training,great hyper trophy,general,1
slow velocity,great blood lactate,general,1
small but insigniﬁcant increase,hyperventilation,general,1
small but insigniﬁcant increase,muscle fatigue,general,1
small reduc tion,obesity - relate comorbiditie,general,1
chang eb,defective autophagy,general,1
smoking,increase prevalence,general,1
change,acute strenu ous exercise,general,1
smoking,relationship,general,1
smoking and acute nicotine application,sleep efﬁciency,general,1
socio - economic status,home ambient temperature,general,1
socio - economic status,sleep quality,general,1
soft stool,stool output,general,1
soluble viscous fiber,stool bulk,general,1
change,hyperlipidemia,general,1
sougianni,non - alcoholic fatty liver disease,general,1
spadafora p,breath methane,general,1
spadafora p,serum acetate concentration,general,1
specific content,mental health,general,1
specificity,great improvement,general,1
speciﬁc probiotic bacteria,circu lating vitamin d level,general,1
spiegel k,el evate ghrelin level,general,1
sprint training,glycemia,general,1
sprint training,vo2peak,general,1
change,hypertension,general,1
starvation,level,general,1
state,great fat utilization,general,1
step 1 frequency,perceive improvement,general,1
stimulation,inhibition,general,1
stool consistency,fiber supple-,general,1
stool consistency,mentation,general,1
strategy,homeostatic system,general,1
change,intestinal flora,general,1
change,metabolism,general,1
change,physical capacity,general,1
change,release,general,1
strength training,endurance,general,1
strength training,measure,general,1
strenuous exercise,release,general,1
stress,sensitive sleep system,mental_to_sleep,1
char acterization,hunger,general,1
strong correlation,low cardiorespiratory fitness 76,general,1
strong correlation,sedentary lifestyle,general,1
structure,function,general,1
study,dissimilar result,general,1
study,significant increase,general,1
study group time physical activity method,cross,general,1
study group time physical activity method,intervention reference phylum class order,general,1
study group time physical activity method,intervention reference phylum class order family genera genus species level 1 cross,general,1
subgroup analysis,considerable hetero geneity,general,1
subject,-control nico tine and cotinine level,general,1
subject,melatonin,general,1
subjective datum,end abbreviation,general,1
subjective sleep quality,high nico tine dose,general,1
subjectively expe rience impairment,crave,general,1
subjectively expe rience impairment,withdrawal symptom,general,1
submaxi mal heart rate,ce female,general,1
char acterization,weight gain,general,1
charac terization,style,general,1
chatzistamou,non - alcoholic fatty liver disease,general,1
substitution analysis,low odd,general,1
subtle un der baseline condition,bio logical or environmental challenge 26 27,general,1
chen d,defective autophagy,general,1
chen y,experimental colitis,general,1
sunde,cycling economy,general,1
sunset,sleep onset,general,1
supervision,effect,general,1
supplementation,composition,general,1
childhood obesity,health problem,general,1
christou nv,health care use,general,1
symptom,increase daytime sleepiness,general,1
symptom severity,3 month,general,1
symptom severity,90 point,general,1
christou nv,long term mortality,general,1
t p high intensity interval training,body composition,general,1
t p high intensity interval training,metabolic syndrome,general,1
tablet,exposure,general,1
taheri s,elevated ghrelin,general,1
taheri s,increase body mass index,general,1
taheri s,reduce leptin,general,1
tannin,α - amylase,general,1
tannin,α - glucosidase,general,1
taxon,abundance,general,1
taxon,exercise intervention,general,1
tea consumption,elevated level,general,1
technological development,big and bright self - luminous electronic device,general,1
technology development,big and bright self - luminous electronic device,general,1
telomere,prevalence,general,1
telomere attrition,50 n increase,general,1
ter wal p,breath methane,general,1
ter wal p,serum acetate concentration,general,1
teration,hormonal disturbance,general,1
christou nv,mor bidity,general,1
chronic alcohol consumption,gastrointestinal motility,general,1
th1 - and th2 - associate cytokine,production,general,1
chronic constipation,population - base survey,general,1
thomas,body composition,general,1
thomas,metabolic syndrome,general,1
time,large magnitude,general,1
timing,sleep,general,1
timing,sleep quality,general,1
tnf - a,disruption,general,1
tosh sm,ability,general,1
total,gastrointestinal tract,general,1
total,low concentration,general,1
total night rem sleep percentage,majority,general,1
total water consumption,constipation,general,1
total water consumption,increase risk,general,1
traditional rt,significant hypertrophy,general,1
traditional strength,small reduction,general,1
traditional velocity,fatigue,general,1
training,crease,general,1
chronic elevate ros,alter intracel lular epigenetic modulation,general,1
training,è11 great strength increase,general,1
training frequency,similar increase,general,1
chronic elevate ros,heavy dependency,general,1
training order,favorable change,general,1
training status,susceptibility,general,1
chronic inflammation,telomere attrition,general,1
chronic insulin signal,follow,general,1
chronic insulin signal,increase incidence,general,1
chronic nicotine exposure,reduction,general,1
cicero,dyslipidaemia,general,1
transdermal nicotine,hunger,general,1
transdermal nicotine,weight gain,general,1
transdermal nicotine application,early wake - up time,general,1
transdermal nicotine application,increase sleep stage,general,1
cicero,hyperglycaemia,general,1
transplantation,anxiety - like and depression - like behavior,general,1
transplantation,associate metabolic disorder,general,1
transplantation,obesity,general,1
tration,healthy control,general,1
tration,shift,general,1
treatment,significant improvement,general,1
trp supplementation,contrast,general,1
trp supplementation,rise,general,1
trunk muscle activity,unstable squat movement,general,1
cicero,hypertension,general,1
cidence,advance age,general,1
circadian system,apnea,general,1
circulat-,body fat,general,1
type,abundance,general,1
type,poor sleep quality,general,1
type,wide range,general,1
type 2 diabete,malignant transformation,general,1
type 2 diabete,uncontrollable increase,general,1
ulin,withincrease number,general,1
un process or minimally process food consumption,decrease odd,general,1
unchanged ce,health benefit,general,1
unchanged ce,significant s,general,1
claud ec,defective autophagy,general,1
climate change,poor sleep,general,1
clin ical consequence,patient,general,1
clinical intervention,microbial diversity,general,1
cock,aerobic capacity,general,1
unfermented gel component,laxation,general,1
unilateral training,bilateral strength,general,1
untrained female,performance,general,1
untrained participant,isometric strength,general,1
upf consumption,constipation,general,1
upf consumption,increase odd,general,1
upf consumption,increase risk,general,1
upf consumption great daily percentage intake,increase odd,general,1
upf intake,high odd,general,1
upregulate hif,glucose transporter glut1,general,1
cognitive and physical function,home ambient temperature,general,1
cognitive and physical function,sleep quality,general,1
van nood,insulin sensitivity,general,1
vanderlinde,glycemia,general,1
vanderlinde,vo2peak,general,1
vanduyn,dopamine neuron degeneration,general,1
variation,disruptive sleep effect,general,1
cognitive be havior therapy,additional weight loss,general,1
vdr deletion,vdr - conditional ko mouse,general,1
vdr eassociate molecular signal pathway,development,general,1
vdr eassociate molecular signal pathway,effect,general,1
vdr eassociate molecular signal pathway,progression,general,1
vdr interaction,antimicrobial peptide expression,general,1
vdr interaction,intestinal mucosal immunity,general,1
vdr interaction,pathogen invasion,general,1
vdr interaction,symbiont colonization,general,1
vdr signal pathway,intestinal mucosal barrier integrity,general,1
velazquez,non - alcoholic fatty liver disease,general,1
cohen,glycemia,general,1
velocity training,power - specific adaptation,general,1
versele,amyloid - β1 40 clearance,general,1
villa - rodriguez,bile acid,general,1
visceral obesity,cardiovascular disease,general,1
visceral obesity,diabetes,general,1
vitamin d,amp production,general,1
vitamin d,antimicrobial peptide expression,general,1
vitamin d,bacterial colonization,general,1
vitamin d,development,general,1
vitamin d,gut microbiota,nutrition_to_physiological,1
vitamin d,immune modulation,general,1
vitamin d,intestinal mucosal immunity,general,1
vitamin d,modulation,general,1
vitamin d,pathogen invasion,general,1
cohen,vo2peak,general,1
vitamin d,regulation,general,1
vitamin d,symbiont colonization,general,1
vitamin d administration,tj barrier impairment 81e83,general,1
vitamin d deﬁciency,decrease expression,general,1
vitamin d deﬁciency,epithelial barrier dysfunction,general,1
vitamin d deﬁciency,intestinal inﬂammation,general,1
vitamin d deﬁciency,microbial imbalance,general,1
vitamin d deﬁciency,secretion,general,1
vitamin d deﬁciency,tnf - a and interferon ifn g,general,1
vitamin d inadequacy,suscep-,general,1
vitamin d supplementation,addition,general,1
vitamin d supplementation,dose - dependent increase,general,1
combination,bowel function,general,1
combination,characteristic,general,1
combination,pathologic score,general,1
combination,secretion,general,1
combine exercise protocol,high energy expenditure,general,1
vrieze,insulin sensitivity,general,1
wang,intestinal barrier function,general,1
waso,5 of 6 study,general,1
waso,ﬁrst half,general,1
water - base ex ercise,health - relate aspect,general,1
water l r,metabolic reprogramming,general,1
water l r,mitochondrial remodeling,general,1
combine resistance and endurance training,performance,general,1
week,change,general,1
weight loss,outcome,general,1
weight loss intervention,telomere shortening,general,1
well chair test performance,change,general,1
well quality sleep,daytime physical activity,sleep_to_activity,1
whisner cm,gut microbiome,general,1
white light source,nearly 20 suppression,general,1
whole - grain cereal - rich diet,plasma betaine,general,1
winn,nonalcoholic fatty liver disease risk,general,1
withdrawal,sleep,general,1
combine resistance and endurance training,physical capacity,general,1
wolever tm,ability,general,1
wolever tm,breath methane,general,1
wolever tm,serum acetate concentration,general,1
wolf,metabolic reprogramming,general,1
wolf,mitochondrial remodeling,general,1
woman,total sleep time,general,1
wong,dopamine neuron degeneration,general,1
work economy,reduction,general,1
work economy,time,general,1
1 25 oh 2d3,activity,general,1
1 25 oh 2d3,claudin-2 and down - regulate claudin-4,general,1
1 25 oh 2d3,claudin-7 83 overexpression,general,1
1 25 oh 2d3,up - regulate claudin-1,general,1
1 rm,high gain,general,1
1 study,subgroup analysis,general,1
10 g d psyllium,glycemic control proportional,general,1
10 week,maximal strength,general,1
110 50 75 yr postmenopausal woman,vo2max krauss et al,general,1
12 16 meditation,improvement,general,1
16 ces nhc,3 5 4 5 ces nhc,general,1
18 00 - 00 00 12 caffeine content,recent estimate,general,1
18 00 - 00 00 12 caffeine content,term,general,1
component,improve ment,general,1
2 - h exposure,measurable statistically reliable suppression,general,1
2 - h exposure,slight but not statistically signiﬁcant reduction,general,1
work hour,inadequate sleep quality,general,1
work hour,shorten total sleep time,general,1
wrong diagnosis,case,general,1
wu s,defective autophagy,general,1
xia y,defective autophagy,general,1
yamada k soluble fiber,management,general,1
component,mental health improvement,general,1
component,sleep,general,1
yoghurt,severity,general,1
yogurt,easy defecation,general,1
yogurt,signiﬁcantly great stool frequency,general,1
yogurt,soft stool,general,1
young t,elevated ghrelin,general,1
young t,increase body mass index,general,1
young t,reduce leptin,general,1
yr f m diagnosis outcome parameter,safety fruit - base laxative kiwi,general,1
